{
    "4": {
        "8": 1.0
    },
    "8": {
        "11": 1.0
    },
    "11": {
        "2": 1.0
    },
    "2": {
        "6": 0.5454545454545454,
        "0": 0.45454545454545453
    },
    "6": {
        "10": 0.5454545454545454,
        "2": 0.45454545454545453
    },
    "10": {
        "3": 1.0
    },
    "3": {
        "5": 1.0
    },
    "5": {
        "7": 1.0
    },
    "7": {
        "9": 1.0
    },
    "9": {
        "1": 1.0
    },
    "1": {
        "6": 1.0
    },
    "0": {
        "4": 1.0
    }
}